state,keepalive,rep,rps,p50,p95,p99,p100,failed,non2xx
3-node,cold,0,805.02,24,36,40,51,0,0
3-node,cold,1,797.94,24,36,43,52,0,0
3-node,cold,2,798.08,24,35,39,47,0,0
3-node,cold,3,741.60,26,41,50,78,0,0
3-node,cold,4,781.87,25,38,44,57,0,0
3-node,cold,5,810.45,24,34,39,45,0,0
3-node,cold,6,800.39,24,37,43,64,0,0
3-node,cold,7,792.01,25,38,46,54,0,0
3-node,cold,8,818.70,24,34,41,50,0,0
3-node,cold,9,779.08,25,36,41,57,0,0
3-node,cold,10,824.71,24,35,41,51,0,0
3-node,cold,11,749.57,26,39,49,55,0,0
3-node,cold,12,789.47,25,37,45,54,0,0
3-node,cold,13,775.42,25,37,42,52,0,0
3-node,cold,14,767.26,26,38,45,57,0,0
3-node,cold,15,722.36,27,41,49,61,0,0
3-node,cold,16,808.52,24,34,41,51,0,0
3-node,cold,17,787.76,25,36,44,57,0,0
3-node,cold,18,803.84,25,35,41,47,0,0
3-node,cold,19,716.04,27,42,50,67,0,0
3-node,cold,20,720.98,27,41,49,57,0,0
3-node,keepalive,0,816.05,24,34,39,46,0,0
3-node,keepalive,1,801.90,24,36,43,53,0,0
3-node,keepalive,2,810.39,25,35,38,51,0,0
3-node,keepalive,3,777.18,25,37,43,51,0,0
3-node,keepalive,4,736.74,26,39,52,73,0,0
3-node,keepalive,5,768.92,25,37,44,53,0,0
3-node,keepalive,6,765.98,26,38,45,53,0,0
3-node,keepalive,7,780.23,26,36,41,47,0,0
3-node,keepalive,8,756.08,26,38,44,52,0,0
3-node,keepalive,9,813.07,24,35,39,44,0,0
3-node,keepalive,10,719.74,27,42,50,75,0,0
3-node,keepalive,11,806.09,24,36,42,47,0,0
3-node,keepalive,12,771.27,26,37,46,50,0,0
3-node,keepalive,13,751.73,26,38,44,55,0,0
3-node,keepalive,14,713.68,28,40,45,54,0,0
3-node,keepalive,15,699.91,27,46,57,69,0,0
3-node,keepalive,16,745.62,26,38,45,52,0,0
3-node,keepalive,17,820.03,24,34,39,43,0,0
3-node,keepalive,18,803.54,24,35,39,45,0,0
3-node,keepalive,19,777.08,25,38,46,52,0,0
3-node,keepalive,20,809.52,24,34,38,46,0,0
2-node,cold,0,766.09,15,32,41,2025,0,0
2-node,cold,1,777.28,25,38,46,52,0,0
2-node,cold,2,736.18,21,32,37,2032,0,0
2-node,cold,3,698.09,28,43,52,75,0,0
2-node,cold,4,703.73,22,39,62,2033,0,0
2-node,cold,5,744.08,26,38,46,57,0,0
2-node,cold,6,669.24,20,32,39,2027,0,0
2-node,cold,7,821.66,24,35,42,51,0,0
2-node,cold,8,591.15,21,32,38,2022,0,0
2-node,cold,9,832.09,23,35,40,47,0,0
2-node,cold,10,565.87,22,33,40,2033,0,0
2-node,cold,11,793.18,24,37,44,55,0,0
2-node,cold,12,607.33,23,34,42,2039,0,0
2-node,cold,13,656.77,28,51,64,78,0,0
2-node,cold,14,828.79,18,30,42,2021,0,0
2-node,cold,15,927.98,21,30,33,41,0,0
2-node,cold,16,548.97,25,41,54,2021,0,0
2-node,cold,17,831.80,23,35,41,51,0,0
2-node,cold,18,594.49,20,34,41,2019,0,0
2-node,cold,19,792.21,24,39,57,69,0,0
2-node,cold,20,667.58,20,33,38,2024,0,0
2-node,keepalive,0,1006.94,20,28,31,33,0,0
2-node,keepalive,1,982.75,20,28,34,44,0,0
2-node,keepalive,2,921.65,16,31,39,2032,0,0
2-node,keepalive,3,900.79,22,31,36,45,0,0
2-node,keepalive,4,692.32,17,26,30,2016,0,0
2-node,keepalive,5,919.54,21,31,44,84,0,0
2-node,keepalive,6,615.60,20,29,32,2022,0,0
2-node,keepalive,7,549.90,22,32,37,2008,0,0
2-node,keepalive,8,859.85,19,28,34,2015,0,0
2-node,keepalive,9,977.98,17,25,30,2016,0,0
2-node,keepalive,10,1003.90,20,28,31,39,0,0
2-node,keepalive,11,980.23,17,26,29,2026,0,0
2-node,keepalive,12,953.19,19,28,32,2024,0,0
2-node,keepalive,13,584.75,20,28,33,2015,0,0
2-node,keepalive,14,985.18,19,26,32,2022,0,0
2-node,keepalive,15,594.47,21,30,35,2018,0,0
2-node,keepalive,16,834.17,21,32,37,2018,0,0
2-node,keepalive,17,970.81,21,29,32,37,0,0
2-node,keepalive,18,978.57,17,25,28,2016,0,0
2-node,keepalive,19,1000.52,19,28,31,2009,0,0
2-node,keepalive,20,659.34,20,29,36,2020,0,0
