algorithm,endpoint,keepalive,rep,rps,p50,p95,p99,failed,non2xx
round_robin,lb-only,cold,0,973.44,20,30,34,0,0
round_robin,lb-only,cold,1,975.89,20,29,31,0,0
round_robin,lb-only,cold,2,995.45,20,28,32,0,0
round_robin,lb-only,cold,3,989.65,20,29,34,0,0
round_robin,lb-only,cold,4,907.16,22,32,36,0,0
round_robin,lb-only,cold,5,893.04,22,32,37,0,0
round_robin,lb-only,cold,6,919.94,21,30,36,0,0
round_robin,lb-only,cold,7,911.32,21,32,36,0,0
round_robin,lb-only,cold,8,980.44,20,29,32,0,0
round_robin,lb-only,cold,9,937.86,21,30,33,0,0
round_robin,lb-only,cold,10,896.23,22,32,37,0,0
round_robin,lb-only,cold,11,959.08,21,29,32,0,0
round_robin,lb-only,cold,12,912.80,22,31,37,0,0
round_robin,lb-only,cold,13,830.43,24,35,41,0,0
round_robin,lb-only,cold,14,870.81,22,33,35,0,0
round_robin,lb-only,cold,15,876.51,22,34,43,0,0
round_robin,lb-only,cold,16,830.62,24,34,39,0,0
round_robin,lb-only,cold,17,874.57,22,33,40,0,0
round_robin,lb-only,cold,18,879.36,22,32,36,0,0
round_robin,lb-only,cold,19,894.46,22,33,38,0,0
round_robin,lb-only,cold,20,951.21,21,29,33,0,0
round_robin,lb-only,keepalive,0,36300.28,0,1,2,0,0
round_robin,lb-only,keepalive,1,26603.29,0,1,3,0,0
round_robin,lb-only,keepalive,2,31681.33,0,1,2,0,0
round_robin,lb-only,keepalive,3,33893.33,0,1,2,0,0
round_robin,lb-only,keepalive,4,28585.59,0,1,3,0,0
round_robin,lb-only,keepalive,5,33572.82,0,1,2,0,0
round_robin,lb-only,keepalive,6,30736.45,0,1,3,0,0
round_robin,lb-only,keepalive,7,31987.38,0,1,2,0,0
round_robin,lb-only,keepalive,8,25941.23,0,1,4,0,0
round_robin,lb-only,keepalive,9,35615.92,0,1,2,0,0
round_robin,lb-only,keepalive,10,28864.19,0,1,3,0,0
round_robin,lb-only,keepalive,11,32629.98,0,1,2,0,0
round_robin,lb-only,keepalive,12,26712.97,0,1,2,0,0
round_robin,lb-only,keepalive,13,37503.28,0,1,2,0,0
round_robin,lb-only,keepalive,14,38899.91,0,1,2,0,0
round_robin,lb-only,keepalive,15,31574.29,0,1,3,0,0
round_robin,lb-only,keepalive,16,26447.33,0,2,2,0,0
round_robin,lb-only,keepalive,17,23205.27,0,2,3,0,0
round_robin,lb-only,keepalive,18,21599.98,1,1,3,0,0
round_robin,lb-only,keepalive,19,19985.34,1,2,5,0,0
round_robin,lb-only,keepalive,20,11343.40,1,6,9,0,0
round_robin,healthz,cold,0,608.32,31,55,66,0,0
round_robin,healthz,cold,1,702.11,27,46,59,0,0
round_robin,healthz,cold,2,814.85,24,35,39,0,0
round_robin,healthz,cold,3,657.76,29,50,59,0,0
round_robin,healthz,cold,4,731.58,26,42,48,0,0
round_robin,healthz,cold,5,838.95,24,33,39,0,0
round_robin,healthz,cold,6,765.71,25,37,47,0,0
round_robin,healthz,cold,7,794.41,25,35,39,0,0
round_robin,healthz,cold,8,806.87,24,35,39,0,0
round_robin,healthz,cold,9,799.78,25,35,39,0,0
round_robin,healthz,cold,10,772.25,25,37,45,0,0
round_robin,healthz,cold,11,742.50,26,39,49,0,0
round_robin,healthz,cold,12,770.11,25,37,42,0,0
round_robin,healthz,cold,13,660.01,28,50,63,0,0
round_robin,healthz,cold,14,706.02,28,40,48,0,0
round_robin,healthz,cold,15,699.04,28,41,49,0,0
round_robin,healthz,cold,16,734.96,27,39,45,0,0
round_robin,healthz,cold,17,787.89,25,36,44,0,0
round_robin,healthz,cold,18,795.17,25,36,41,0,0
round_robin,healthz,cold,19,799.40,25,36,40,0,0
round_robin,healthz,cold,20,799.91,24,35,42,0,0
round_robin,healthz,keepalive,0,780.14,25,37,43,0,0
round_robin,healthz,keepalive,1,803.99,25,35,39,0,0
round_robin,healthz,keepalive,2,771.33,26,37,45,0,0
round_robin,healthz,keepalive,3,833.61,24,33,38,0,0
round_robin,healthz,keepalive,4,862.89,23,33,41,0,0
round_robin,healthz,keepalive,5,875.32,23,32,39,0,0
round_robin,healthz,keepalive,6,869.30,23,33,36,0,0
round_robin,healthz,keepalive,7,875.32,22,33,38,0,0
round_robin,healthz,keepalive,8,823.87,24,35,39,0,0
round_robin,healthz,keepalive,9,854.70,23,33,37,0,0
round_robin,healthz,keepalive,10,874.40,23,32,38,0,0
round_robin,healthz,keepalive,11,855.59,23,34,39,0,0
round_robin,healthz,keepalive,12,865.81,23,34,40,0,0
round_robin,healthz,keepalive,13,832.99,24,34,37,0,0
round_robin,healthz,keepalive,14,871.58,23,32,36,0,0
round_robin,healthz,keepalive,15,843.85,23,34,39,0,0
round_robin,healthz,keepalive,16,852.65,23,34,44,0,0
round_robin,healthz,keepalive,17,862.85,23,32,38,0,0
round_robin,healthz,keepalive,18,844.79,23,33,37,0,0
round_robin,healthz,keepalive,19,866.14,23,33,37,0,0
round_robin,healthz,keepalive,20,819.93,24,35,39,0,0
round_robin,dbping.php,cold,0,710.10,28,38,45,0,0
round_robin,dbping.php,cold,1,727.66,27,37,42,0,0
round_robin,dbping.php,cold,2,686.87,28,41,51,0,0
round_robin,dbping.php,cold,3,686.92,28,41,50,0,0
round_robin,dbping.php,cold,4,697.48,28,39,43,0,0
round_robin,dbping.php,cold,5,681.37,29,40,45,0,0
round_robin,dbping.php,cold,6,699.37,28,40,44,0,0
round_robin,dbping.php,cold,7,684.21,29,41,48,0,0
round_robin,dbping.php,cold,8,701.84,28,39,46,0,0
round_robin,dbping.php,cold,9,696.95,28,40,46,0,0
round_robin,dbping.php,cold,10,686.06,29,40,46,0,0
round_robin,dbping.php,cold,11,705.23,28,38,43,0,0
round_robin,dbping.php,cold,12,685.52,29,41,49,0,0
round_robin,dbping.php,cold,13,687.27,29,40,46,0,0
round_robin,dbping.php,cold,14,713.57,28,39,44,0,0
round_robin,dbping.php,cold,15,683.74,29,41,47,0,0
round_robin,dbping.php,cold,16,670.03,29,42,48,0,0
round_robin,dbping.php,cold,17,707.13,28,39,44,0,0
round_robin,dbping.php,cold,18,699.61,28,40,45,0,0
round_robin,dbping.php,cold,19,679.53,29,41,53,0,0
round_robin,dbping.php,cold,20,688.50,28,40,50,0,0
round_robin,dbping.php,keepalive,0,688.42,28,41,47,0,0
round_robin,dbping.php,keepalive,1,681.38,29,41,46,0,0
round_robin,dbping.php,keepalive,2,696.91,28,40,46,0,0
round_robin,dbping.php,keepalive,3,673.84,29,41,47,0,0
round_robin,dbping.php,keepalive,4,684.92,29,41,46,0,0
round_robin,dbping.php,keepalive,5,678.01,29,42,53,0,0
round_robin,dbping.php,keepalive,6,703.31,28,39,47,0,0
round_robin,dbping.php,keepalive,7,683.32,29,40,45,0,0
round_robin,dbping.php,keepalive,8,678.57,29,41,49,0,0
round_robin,dbping.php,keepalive,9,685.77,29,40,46,0,0
round_robin,dbping.php,keepalive,10,690.25,29,40,46,0,0
round_robin,dbping.php,keepalive,11,695.37,28,39,45,0,0
round_robin,dbping.php,keepalive,12,621.83,31,47,55,0,0
round_robin,dbping.php,keepalive,13,704.44,28,40,47,0,0
round_robin,dbping.php,keepalive,14,677.57,29,41,47,0,0
round_robin,dbping.php,keepalive,15,676.91,29,41,47,0,0
round_robin,dbping.php,keepalive,16,688.48,29,41,47,0,0
round_robin,dbping.php,keepalive,17,689.86,29,40,46,0,0
round_robin,dbping.php,keepalive,18,705.80,28,39,45,0,0
round_robin,dbping.php,keepalive,19,666.30,30,41,46,0,0
round_robin,dbping.php,keepalive,20,686.61,29,40,45,0,0
least_conn,lb-only,cold,0,902.26,22,31,36,0,0
least_conn,lb-only,cold,1,953.33,21,30,35,0,0
least_conn,lb-only,cold,2,906.05,22,31,34,0,0
least_conn,lb-only,cold,3,899.85,22,31,35,0,0
least_conn,lb-only,cold,4,899.09,22,33,38,0,0
least_conn,lb-only,cold,5,933.22,21,30,34,0,0
least_conn,lb-only,cold,6,912.75,21,32,38,0,0
least_conn,lb-only,cold,7,970.33,20,29,32,0,0
least_conn,lb-only,cold,8,829.24,24,34,40,0,0
least_conn,lb-only,cold,9,926.84,21,30,36,0,0
least_conn,lb-only,cold,10,895.66,22,31,37,0,0
least_conn,lb-only,cold,11,928.19,21,31,35,0,0
least_conn,lb-only,cold,12,909.39,22,32,35,0,0
least_conn,lb-only,cold,13,944.97,21,30,36,0,0
least_conn,lb-only,cold,14,950.64,21,30,35,0,0
least_conn,lb-only,cold,15,947.18,21,30,36,0,0
least_conn,lb-only,cold,16,879.42,22,33,45,0,0
least_conn,lb-only,cold,17,903.20,22,31,34,0,0
least_conn,lb-only,cold,18,923.43,21,31,34,0,0
least_conn,lb-only,cold,19,918.47,21,31,38,0,0
least_conn,lb-only,cold,20,947.45,21,29,34,0,0
least_conn,lb-only,keepalive,0,31960.11,0,1,2,0,0
least_conn,lb-only,keepalive,1,27882.60,0,1,3,0,0
least_conn,lb-only,keepalive,2,33162.00,0,1,2,0,0
least_conn,lb-only,keepalive,3,35915.24,0,1,2,0,0
least_conn,lb-only,keepalive,4,25690.21,0,1,3,0,0
least_conn,lb-only,keepalive,5,27008.53,0,1,2,0,0
least_conn,lb-only,keepalive,6,28358.87,0,1,2,0,0
least_conn,lb-only,keepalive,7,36417.49,0,1,2,0,0
least_conn,lb-only,keepalive,8,35607.89,0,1,2,0,0
least_conn,lb-only,keepalive,9,27327.63,0,1,2,0,0
least_conn,lb-only,keepalive,10,33091.40,0,1,2,0,0
least_conn,lb-only,keepalive,11,34206.36,0,1,2,0,0
least_conn,lb-only,keepalive,12,32857.99,0,1,2,0,0
least_conn,lb-only,keepalive,13,28363.43,0,1,2,0,0
least_conn,lb-only,keepalive,14,30177.14,0,1,3,0,0
least_conn,lb-only,keepalive,15,33084.10,0,1,2,0,0
least_conn,lb-only,keepalive,16,35141.97,0,1,4,0,0
least_conn,lb-only,keepalive,17,23908.57,0,2,5,0,0
least_conn,lb-only,keepalive,18,37350.13,0,1,2,0,0
least_conn,lb-only,keepalive,19,34789.87,0,1,3,0,0
least_conn,lb-only,keepalive,20,26859.34,0,1,3,0,0
least_conn,healthz,cold,0,795.48,25,36,40,0,0
least_conn,healthz,cold,1,788.89,25,36,43,0,0
least_conn,healthz,cold,2,826.96,24,33,38,0,0
least_conn,healthz,cold,3,869.74,23,32,37,0,0
least_conn,healthz,cold,4,763.77,25,40,48,0,0
least_conn,healthz,cold,5,801.05,25,36,42,0,0
least_conn,healthz,cold,6,695.13,28,43,51,0,0
least_conn,healthz,cold,7,805.17,24,35,41,0,0
least_conn,healthz,cold,8,811.79,24,35,40,0,0
least_conn,healthz,cold,9,755.99,26,39,47,0,0
least_conn,healthz,cold,10,806.01,24,36,42,0,0
least_conn,healthz,cold,11,826.30,24,33,37,0,0
least_conn,healthz,cold,12,804.65,25,34,38,0,0
least_conn,healthz,cold,13,671.39,28,47,56,0,0
least_conn,healthz,cold,14,695.64,28,42,52,0,0
least_conn,healthz,cold,15,801.05,25,36,43,0,0
least_conn,healthz,cold,16,830.42,24,34,38,0,0
least_conn,healthz,cold,17,827.85,24,35,40,0,0
least_conn,healthz,cold,18,834.65,24,33,38,0,0
least_conn,healthz,cold,19,788.22,25,37,42,0,0
least_conn,healthz,cold,20,823.87,24,34,41,0,0
least_conn,healthz,keepalive,0,816.34,24,35,39,0,0
least_conn,healthz,keepalive,1,805.70,24,36,44,0,0
least_conn,healthz,keepalive,2,818.21,24,34,39,0,0
least_conn,healthz,keepalive,3,798.01,25,37,44,0,0
least_conn,healthz,keepalive,4,772.52,25,36,41,0,0
least_conn,healthz,keepalive,5,805.89,24,36,40,0,0
least_conn,healthz,keepalive,6,812.07,24,35,39,0,0
least_conn,healthz,keepalive,7,816.36,24,35,40,0,0
least_conn,healthz,keepalive,8,828.70,24,34,41,0,0
least_conn,healthz,keepalive,9,764.43,25,39,44,0,0
least_conn,healthz,keepalive,10,821.32,24,35,38,0,0
least_conn,healthz,keepalive,11,817.10,24,35,40,0,0
least_conn,healthz,keepalive,12,811.84,24,36,42,0,0
least_conn,healthz,keepalive,13,810.42,24,35,40,0,0
least_conn,healthz,keepalive,14,775.02,25,37,42,0,0
least_conn,healthz,keepalive,15,813.71,24,35,39,0,0
least_conn,healthz,keepalive,16,818.93,24,35,40,0,0
least_conn,healthz,keepalive,17,805.89,24,36,42,0,0
least_conn,healthz,keepalive,18,817.41,24,34,38,0,0
least_conn,healthz,keepalive,19,781.42,25,37,43,0,0
least_conn,healthz,keepalive,20,804.07,24,35,39,0,0
least_conn,dbping.php,cold,0,680.84,29,41,47,0,0
least_conn,dbping.php,cold,1,685.06,29,40,45,0,0
least_conn,dbping.php,cold,2,686.72,29,41,47,0,0
least_conn,dbping.php,cold,3,647.84,30,43,50,0,0
least_conn,dbping.php,cold,4,632.56,31,44,51,0,0
least_conn,dbping.php,cold,5,666.18,30,41,47,0,0
least_conn,dbping.php,cold,6,691.97,29,40,46,0,0
least_conn,dbping.php,cold,7,722.85,27,38,45,0,0
least_conn,dbping.php,cold,8,719.69,28,39,44,0,0
least_conn,dbping.php,cold,9,722.38,27,37,43,0,0
least_conn,dbping.php,cold,10,720.35,27,38,44,0,0
least_conn,dbping.php,cold,11,713.13,28,39,43,0,0
least_conn,dbping.php,cold,12,728.39,27,38,42,0,0
least_conn,dbping.php,cold,13,723.60,27,38,42,0,0
least_conn,dbping.php,cold,14,693.44,28,40,49,0,0
least_conn,dbping.php,cold,15,728.94,27,37,43,0,0
least_conn,dbping.php,cold,16,731.38,27,38,43,0,0
least_conn,dbping.php,cold,17,693.40,28,41,47,0,0
least_conn,dbping.php,cold,18,722.31,27,38,44,0,0
least_conn,dbping.php,cold,19,706.96,28,39,46,0,0
least_conn,dbping.php,cold,20,720.28,27,38,43,0,0
least_conn,dbping.php,keepalive,0,693.42,28,40,48,0,0
least_conn,dbping.php,keepalive,1,715.26,27,38,43,0,0
least_conn,dbping.php,keepalive,2,713.24,28,39,44,0,0
least_conn,dbping.php,keepalive,3,696.98,28,39,46,0,0
least_conn,dbping.php,keepalive,4,721.14,28,38,42,0,0
least_conn,dbping.php,keepalive,5,714.31,27,38,46,0,0
least_conn,dbping.php,keepalive,6,687.43,28,41,47,0,0
least_conn,dbping.php,keepalive,7,691.62,29,41,48,0,0
least_conn,dbping.php,keepalive,8,713.13,28,39,44,0,0
least_conn,dbping.php,keepalive,9,704.26,28,40,48,0,0
least_conn,dbping.php,keepalive,10,711.06,28,40,47,0,0
least_conn,dbping.php,keepalive,11,686.77,29,40,46,0,0
least_conn,dbping.php,keepalive,12,704.54,28,38,44,0,0
least_conn,dbping.php,keepalive,13,699.43,28,39,45,0,0
least_conn,dbping.php,keepalive,14,720.75,27,38,44,0,0
least_conn,dbping.php,keepalive,15,697.86,28,39,45,0,0
least_conn,dbping.php,keepalive,16,730.28,27,38,43,0,0
least_conn,dbping.php,keepalive,17,721.13,27,39,45,0,0
least_conn,dbping.php,keepalive,18,715.02,28,38,44,0,0
least_conn,dbping.php,keepalive,19,721.26,27,38,45,0,0
least_conn,dbping.php,keepalive,20,681.66,29,40,47,0,0
ip_hash,lb-only,cold,0,836.86,23,35,38,0,0
ip_hash,lb-only,cold,1,843.67,23,34,38,0,0
ip_hash,lb-only,cold,2,860.00,23,34,38,0,0
ip_hash,lb-only,cold,3,952.91,21,29,34,0,0
ip_hash,lb-only,cold,4,966.99,20,29,33,0,0
ip_hash,lb-only,cold,5,956.70,21,30,33,0,0
ip_hash,lb-only,cold,6,909.44,22,31,35,0,0
ip_hash,lb-only,cold,7,927.22,21,31,36,0,0
ip_hash,lb-only,cold,8,885.07,22,32,37,0,0
ip_hash,lb-only,cold,9,932.06,22,31,35,0,0
ip_hash,lb-only,cold,10,920.92,21,31,36,0,0
ip_hash,lb-only,cold,11,912.02,22,32,36,0,0
ip_hash,lb-only,cold,12,942.19,21,31,35,0,0
ip_hash,lb-only,cold,13,933.64,21,31,35,0,0
ip_hash,lb-only,cold,14,865.82,23,32,38,0,0
ip_hash,lb-only,cold,15,896.68,22,33,38,0,0
ip_hash,lb-only,cold,16,915.50,22,31,34,0,0
ip_hash,lb-only,cold,17,905.45,22,31,36,0,0
ip_hash,lb-only,cold,18,950.87,21,30,34,0,0
ip_hash,lb-only,cold,19,876.32,22,32,35,0,0
ip_hash,lb-only,cold,20,833.67,24,34,38,0,0
ip_hash,lb-only,keepalive,0,23892.39,1,2,4,0,0
ip_hash,lb-only,keepalive,1,23839.99,1,2,3,0,0
ip_hash,lb-only,keepalive,2,27404.02,0,1,5,0,0
ip_hash,lb-only,keepalive,3,29578.21,0,1,2,0,0
ip_hash,lb-only,keepalive,4,36500.35,0,1,2,0,0
ip_hash,lb-only,keepalive,5,28317.38,0,1,3,0,0
ip_hash,lb-only,keepalive,6,32033.14,0,1,2,0,0
ip_hash,lb-only,keepalive,7,31530.16,0,1,3,0,0
ip_hash,lb-only,keepalive,8,32679.03,0,1,2,0,0
ip_hash,lb-only,keepalive,9,31872.17,0,1,3,0,0
ip_hash,lb-only,keepalive,10,39805.22,0,1,1,0,0
ip_hash,lb-only,keepalive,11,28117.00,0,1,2,0,0
ip_hash,lb-only,keepalive,12,30926.24,0,1,2,0,0
ip_hash,lb-only,keepalive,13,20927.80,1,2,6,0,0
ip_hash,lb-only,keepalive,14,36291.49,0,1,2,0,0
ip_hash,lb-only,keepalive,15,31677.98,0,1,2,0,0
ip_hash,lb-only,keepalive,16,27714.14,0,1,2,0,0
ip_hash,lb-only,keepalive,17,37275.42,0,1,2,0,0
ip_hash,lb-only,keepalive,18,32851.87,0,1,2,0,0
ip_hash,lb-only,keepalive,19,27019.72,0,1,4,0,0
ip_hash,lb-only,keepalive,20,23561.57,0,2,2,0,0
ip_hash,healthz,cold,0,882.57,22,32,37,0,0
ip_hash,healthz,cold,1,878.57,22,31,36,0,0
ip_hash,healthz,cold,2,903.75,21,31,35,0,0
ip_hash,healthz,cold,3,866.20,23,33,38,0,0
ip_hash,healthz,cold,4,908.39,22,31,36,0,0
ip_hash,healthz,cold,5,904.74,21,31,36,0,0
ip_hash,healthz,cold,6,893.60,22,31,35,0,0
ip_hash,healthz,cold,7,767.74,25,37,43,0,0
ip_hash,healthz,cold,8,862.46,23,32,36,0,0
ip_hash,healthz,cold,9,887.32,22,32,37,0,0
ip_hash,healthz,cold,10,891.98,22,31,36,0,0
ip_hash,healthz,cold,11,852.73,23,35,40,0,0
ip_hash,healthz,cold,12,814.99,24,36,40,0,0
ip_hash,healthz,cold,13,864.28,23,33,37,0,0
ip_hash,healthz,cold,14,777.57,25,37,47,0,0
ip_hash,healthz,cold,15,844.38,23,34,41,0,0
ip_hash,healthz,cold,16,785.17,25,37,42,0,0
ip_hash,healthz,cold,17,761.68,26,37,45,0,0
ip_hash,healthz,cold,18,864.10,23,33,37,0,0
ip_hash,healthz,cold,19,876.76,22,32,38,0,0
ip_hash,healthz,cold,20,888.44,22,32,37,0,0
ip_hash,healthz,keepalive,0,900.03,22,31,37,0,0
ip_hash,healthz,keepalive,1,856.41,23,33,39,0,0
ip_hash,healthz,keepalive,2,891.99,22,31,35,0,0
ip_hash,healthz,keepalive,3,791.18,25,38,47,0,0
ip_hash,healthz,keepalive,4,772.67,25,40,49,0,0
ip_hash,healthz,keepalive,5,759.52,26,37,46,0,0
ip_hash,healthz,keepalive,6,802.09,24,36,42,0,0
ip_hash,healthz,keepalive,7,822.20,24,35,41,0,0
ip_hash,healthz,keepalive,8,812.78,24,35,40,0,0
ip_hash,healthz,keepalive,9,796.91,24,36,45,0,0
ip_hash,healthz,keepalive,10,839.31,23,35,41,0,0
ip_hash,healthz,keepalive,11,878.33,22,32,39,0,0
ip_hash,healthz,keepalive,12,847.32,23,32,38,0,0
ip_hash,healthz,keepalive,13,820.07,24,35,40,0,0
ip_hash,healthz,keepalive,14,814.92,23,36,45,0,0
ip_hash,healthz,keepalive,15,809.51,24,36,43,0,0
ip_hash,healthz,keepalive,16,807.12,24,35,42,0,0
ip_hash,healthz,keepalive,17,819.91,24,34,38,0,0
ip_hash,healthz,keepalive,18,804.56,24,35,40,0,0
ip_hash,healthz,keepalive,19,810.66,24,35,41,0,0
ip_hash,healthz,keepalive,20,785.99,25,37,45,0,0
ip_hash,dbping.php,cold,0,608.29,32,47,57,0,0
ip_hash,dbping.php,cold,1,629.73,31,44,49,0,0
ip_hash,dbping.php,cold,2,638.80,31,43,51,0,0
ip_hash,dbping.php,cold,3,608.81,32,48,55,0,0
ip_hash,dbping.php,cold,4,609.42,32,45,54,0,0
ip_hash,dbping.php,cold,5,630.99,31,44,49,0,0
ip_hash,dbping.php,cold,6,645.24,30,43,51,0,0
ip_hash,dbping.php,cold,7,620.90,32,45,52,0,0
ip_hash,dbping.php,cold,8,594.28,33,48,56,0,0
ip_hash,dbping.php,cold,9,626.61,31,44,53,0,0
ip_hash,dbping.php,cold,10,633.11,31,44,51,0,0
ip_hash,dbping.php,cold,11,616.23,31,46,58,0,0
ip_hash,dbping.php,cold,12,594.27,33,47,54,0,0
ip_hash,dbping.php,cold,13,627.66,31,44,50,0,0
ip_hash,dbping.php,cold,14,636.58,31,44,51,0,0
ip_hash,dbping.php,cold,15,618.00,31,46,58,0,0
ip_hash,dbping.php,cold,16,600.49,33,47,55,0,0
ip_hash,dbping.php,cold,17,627.03,31,46,57,0,0
ip_hash,dbping.php,cold,18,621.00,31,46,54,0,0
ip_hash,dbping.php,cold,19,630.00,31,44,52,0,0
ip_hash,dbping.php,cold,20,621.85,31,45,50,0,0
ip_hash,dbping.php,keepalive,0,597.66,33,48,56,0,0
ip_hash,dbping.php,keepalive,1,618.98,32,44,52,0,0
ip_hash,dbping.php,keepalive,2,623.62,32,44,50,0,0
ip_hash,dbping.php,keepalive,3,614.47,32,46,54,0,0
ip_hash,dbping.php,keepalive,4,592.36,33,48,55,0,0
ip_hash,dbping.php,keepalive,5,621.56,31,45,51,0,0
ip_hash,dbping.php,keepalive,6,617.83,32,44,51,0,0
ip_hash,dbping.php,keepalive,7,608.26,32,47,61,0,0
ip_hash,dbping.php,keepalive,8,627.08,31,44,51,0,0
ip_hash,dbping.php,keepalive,9,615.84,32,46,55,0,0
ip_hash,dbping.php,keepalive,10,624.84,32,44,54,0,0
ip_hash,dbping.php,keepalive,11,629.24,31,44,50,0,0
ip_hash,dbping.php,keepalive,12,612.25,32,46,55,0,0
ip_hash,dbping.php,keepalive,13,616.03,31,46,53,0,0
ip_hash,dbping.php,keepalive,14,624.53,31,45,52,0,0
ip_hash,dbping.php,keepalive,15,619.56,32,45,52,0,0
ip_hash,dbping.php,keepalive,16,646.49,30,43,51,0,0
ip_hash,dbping.php,keepalive,17,589.30,33,47,56,0,0
ip_hash,dbping.php,keepalive,18,610.07,32,45,59,0,0
ip_hash,dbping.php,keepalive,19,642.13,31,43,48,0,0
ip_hash,dbping.php,keepalive,20,633.35,31,44,50,0,0
