unix_ms,http_code,node,time_total
1790668206450,200,web02,0.009441
1790668206682,200,web03,0.007686
1790668206911,200,web01,0.008200
1790668207142,200,web02,0.010437
1790668207376,200,web03,0.008207
1790668207605,200,web01,0.008631
1790668207840,200,web02,0.010163
1790668208070,200,web03,0.009051
1790668208301,200,web01,0.009115
1790668208536,200,web02,0.009690
1790668208769,200,web03,0.009299
1790668209000,200,web01,0.010071
1790668209234,200,web02,0.008605
1790668209463,200,web03,0.008493
1790668209695,200,web01,0.007990
1790668209923,200,web02,0.008135
1790668210152,200,web03,0.008483
1790668210382,200,web01,0.008472
1790668210611,200,web02,0.007991
1790668210841,200,web03,0.009635
1790668211075,200,web01,0.013149
1790668211312,200,web02,0.007949
1790668211541,200,web03,0.008598
1790668211772,200,web01,0.008837
1790668212004,200,web03,0.009848
1790668212237,200,web02,0.008388
1790668212466,200,web01,0.007355
1790668212694,200,web03,0.007712
1790668212922,200,web02,0.008090
1790668213151,200,web01,0.007835
1790668213380,200,web03,0.008841
1790668213610,200,web02,0.008152
1790668213838,200,web01,0.007198
1790668214066,200,web03,0.007545
1790668214293,200,web02,0.007727
1790668214520,200,web01,0.008645
1790668214749,200,web03,0.007086
1790668214977,200,web02,0.007780
1790668215204,200,web01,0.007671
1790668215433,200,web03,0.007714
1790668215661,200,web03,0.007515
1790668215889,200,web02,0.007882
1790668216118,200,web01,0.007785
1790668216346,200,web03,0.007473
1790668216577,200,web02,0.007770
1790668216804,200,web01,0.007279
1790668217030,200,web03,0.007154
1790668217257,200,web02,0.008532
1790668217487,200,web01,0.008070
1790668217720,200,web03,0.007358
1790668217946,200,web01,2.011073
1790668220178,200,web03,0.006965
1790668220404,200,web01,0.007918
1790668220631,200,web03,2.010150
1790668222863,200,web01,0.009565
1790668223094,200,web03,0.009318
1790668223324,200,web03,0.007389
1790668223802,200,web01,2.009658
1790668226032,200,web03,0.007441
1790668226260,200,web01,0.007342
1790668226490,200,web03,2.008335
1790668228719,200,web01,0.007868
1790668228951,200,web03,0.008487
1790668229180,200,web01,0.007401
1790668229406,200,web03,0.008083
1790668229635,200,web01,0.008249
1790668229867,200,web03,0.008232
1790668230096,200,web01,0.007417
1790668230360,200,web03,0.007772
1790668230589,200,web01,0.007722
1790668230817,200,web03,0.007250
1790668231044,200,web01,0.007453
1790668231273,200,web01,0.007868
1790668231501,200,web03,2.009499
1790668233730,200,web01,0.007905
1790668233958,200,web03,0.007184
1790668234185,200,web01,2.010041
1790668236416,200,web03,0.008498
1790668236646,200,web01,0.007622
1790668236873,200,web03,0.007549
1790668237100,200,web01,0.007568
1790668237327,200,web03,0.007153
1790668237559,200,web01,0.007330
1790668237785,200,web03,0.008249
1790668238026,200,web01,0.008161
1790668238256,200,web03,0.007656
1790668238483,200,web01,0.009155
1790668238714,200,web03,0.007388
1790668238941,200,web01,0.009052
1790668239171,200,web03,2.010763
1790668241404,200,web01,0.009504
1790668241637,200,web03,0.007721
1790668241866,200,web01,2.013999
1790668244103,200,web03,0.008093
1790668244332,200,web01,0.008459
1790668244560,200,web03,0.008649
1790668244791,200,web01,0.008575
1790668245025,200,web03,0.010978
1790668245261,200,web01,0.010425
1790668245498,200,web03,0.010387
1790668245735,200,web01,0.009655
1790668245970,200,web03,0.008638
1790668246202,200,web01,0.009550
1790668246434,200,web03,0.007572
1790668246663,200,web03,2.011125
1790668248896,200,web01,0.010222
1790668249131,200,web03,0.009136
1790668249365,200,web02,0.008473
1790668249596,200,web01,0.008256
1790668249827,200,web03,0.007706
1790668250058,200,web02,0.010984
1790668250292,200,web01,0.008988
1790668250522,200,web03,0.008220
1790668250751,200,web02,0.009136
1790668250982,200,web01,0.008681
1790668251214,200,web03,0.009153
1790668251454,200,web02,0.009722
1790668251686,200,web01,0.009296
1790668251918,200,web03,0.008219
1790668252149,200,web02,0.009961
1790668252383,200,web02,0.010126
1790668252617,200,web01,0.009020
1790668252848,200,web03,0.008127
1790668253081,200,web02,0.010257
1790668253316,200,web01,0.008204
1790668253546,200,web03,0.008236
1790668253778,200,web02,0.007540
1790668254010,200,web01,0.012041
1790668254250,200,web03,0.008178
1790668254481,200,web02,0.009106
1790668254714,200,web01,0.008125
1790668254945,200,web03,0.008195
1790668255180,200,web02,0.007906
1790668255409,200,web01,0.007792
1790668255638,200,web03,0.008431
1790668255869,200,web02,0.008648
1790668256100,200,web01,0.009109
1790668256331,200,web03,0.008758
1790668256562,200,web02,0.007744
1790668256791,200,web01,0.008370
1790668257021,200,web03,0.008590
1790668257251,200,web02,0.007663
1790668257483,200,web01,0.007735
1790668257713,200,web03,0.007326
1790668257941,200,web02,0.008372
1790668258173,200,web01,0.007579
1790668258403,200,web03,0.008914
1790668258634,200,web02,0.008365
1790668258870,200,web01,0.008391
1790668259099,200,web03,0.007867
1790668259328,200,web02,0.007592
1790668259556,200,web01,0.008506
1790668259788,200,web03,0.008681
1790668260019,200,web01,0.009095
1790668260253,200,web02,0.009269
1790668260485,200,web03,0.008958
1790668260715,200,web01,0.008264
1790668260945,200,web02,0.009182
1790668261177,200,web03,0.008077
1790668261408,200,web01,0.008267
1790668261638,200,web02,0.009274
1790668261869,200,web03,0.008048
1790668262100,200,web01,0.009699
1790668262339,200,web02,0.009453
1790668262573,200,web03,0.010626
1790668262817,200,web01,0.017784
1790668263068,200,web02,0.014941
1790668263313,200,web03,0.011146
1790668263550,200,web01,0.009896
1790668263786,200,web03,0.008926
1790668264026,200,web02,0.010777
1790668264267,200,web01,0.011574
1790668264506,200,web03,0.009789
1790668264745,200,web02,0.009829
1790668264983,200,web01,0.009634
1790668265220,200,web03,0.010071
1790668265459,200,web02,0.013830
1790668265703,200,web01,0.010053
1790668265943,200,web03,0.023202
1790668266206,200,web02,0.012116
1790668266451,200,web01,0.015919
1790668266708,200,web03,0.016708
1790668266963,200,web02,0.025693
1790668267230,200,web01,0.024634
1790668267491,200,web01,0.021083
1790668267757,200,web03,0.021002
1790668268013,200,web02,0.010555
1790668268255,200,web01,0.010638
1790668268538,200,web03,0.010093
1790668268776,200,web02,0.009686
1790668269013,200,web01,0.011228
1790668269252,200,web03,0.009736
1790668269485,200,web02,0.008763
1790668269716,200,web01,0.007925
1790668269945,200,web03,0.007826
1790668270175,200,web02,0.007660
1790668270404,200,web01,0.008346
1790668270636,200,web03,0.011018
1790668270871,200,web02,0.009175
1790668271102,200,web01,0.008477
1790668271333,200,web01,0.010652
1790668271572,200,web03,0.008985
1790668271803,200,web02,0.010278
1790668272037,200,web01,0.008180
1790668272268,200,web03,0.007929
1790668272498,200,web02,0.008074
1790668272729,200,web01,0.008166
1790668272959,200,web03,0.008349
1790668273188,200,web02,0.007535
1790668273416,200,web01,0.007813
1790668273643,200,web03,0.007330
1790668273872,200,web02,0.008510
1790668274105,200,web01,0.009660
1790668274339,200,web03,0.009408
1790668274574,200,web02,0.008995
1790668274807,200,web01,0.009096
1790668275038,200,web01,0.008390
1790668275267,200,web03,0.007313
1790668275495,200,web02,0.008277
1790668275724,200,web01,0.007379
1790668275953,200,web03,0.007770
