algorithm,rep,w1,w2,w3,unaccounted,retries,failed,rps
round_robin,0,203,199,198,0,0,0,817.30
round_robin,1,200,200,200,0,0,0,745.81
round_robin,2,199,201,200,0,0,0,800.29
round_robin,3,200,200,200,0,0,0,753.83
round_robin,4,200,200,200,0,0,0,856.24
round_robin,5,201,199,200,0,0,0,861.53
round_robin,6,200,200,200,0,0,0,844.27
round_robin,7,200,200,200,0,0,0,815.65
round_robin,8,200,200,200,0,0,0,809.71
round_robin,9,199,202,199,0,0,0,822.18
round_robin,10,199,199,202,0,0,0,843.53
round_robin,11,201,200,199,0,0,0,831.87
round_robin,12,200,201,199,0,0,0,788.62
round_robin,13,200,199,201,0,0,0,810.42
round_robin,14,200,200,200,0,0,0,875.36
round_robin,15,200,200,200,0,0,0,797.75
round_robin,16,200,200,200,0,0,0,773.82
round_robin,17,200,200,200,0,0,0,786.42
round_robin,18,200,200,200,0,0,0,798.66
round_robin,19,199,200,201,0,0,0,816.04
round_robin,20,201,200,199,0,0,0,780.85
least_conn,0,209,195,196,0,0,0,788.10
least_conn,1,201,197,202,0,0,0,865.32
least_conn,2,194,204,202,0,0,0,806.75
least_conn,3,199,203,198,0,0,0,754.82
least_conn,4,203,194,203,0,0,0,781.19
least_conn,5,196,208,196,0,0,0,753.69
least_conn,6,197,207,196,0,0,0,775.38
least_conn,7,197,203,200,0,0,0,763.81
least_conn,8,202,199,199,0,0,0,752.09
least_conn,9,202,202,196,0,0,0,818.53
least_conn,10,207,198,195,0,0,0,796.10
least_conn,11,200,193,207,0,0,0,812.87
least_conn,12,204,200,196,0,0,0,789.05
least_conn,13,197,208,195,0,0,0,813.33
least_conn,14,205,184,211,0,0,0,755.10
least_conn,15,197,196,207,0,0,0,812.91
least_conn,16,201,202,197,0,0,0,723.72
least_conn,17,191,208,201,0,0,0,756.90
least_conn,18,200,197,203,0,0,0,779.81
least_conn,19,199,207,194,0,0,0,806.08
least_conn,20,206,200,194,0,0,0,767.25
ip_hash,0,600,0,0,0,0,0,763.89
ip_hash,1,600,0,0,0,0,0,771.49
ip_hash,2,600,0,0,0,0,0,797.23
ip_hash,3,600,0,0,0,0,0,797.48
ip_hash,4,600,0,0,0,0,0,756.50
ip_hash,5,600,0,0,0,0,0,796.46
ip_hash,6,600,0,0,0,0,0,793.35
ip_hash,7,600,0,0,0,0,0,872.99
ip_hash,8,600,0,0,0,0,0,772.33
ip_hash,9,600,0,0,0,0,0,799.58
ip_hash,10,600,0,0,0,0,0,850.03
ip_hash,11,600,0,0,0,0,0,773.22
ip_hash,12,600,0,0,0,0,0,797.94
ip_hash,13,600,0,0,0,0,0,802.46
ip_hash,14,600,0,0,0,0,0,855.59
ip_hash,15,600,0,0,0,0,0,801.92
ip_hash,16,600,0,0,0,0,0,783.06
ip_hash,17,600,0,0,0,0,0,866.14
ip_hash,18,600,0,0,0,0,0,865.61
ip_hash,19,600,0,0,0,0,0,832.18
ip_hash,20,600,0,0,0,0,0,783.63
